{"count":1,"self":68.462527999999992,"total":68.586100399999992,"children":{"InitializeActuators":{"count":1,"self":0.0019993999999999997,"total":0.0019993999999999997,"children":null},"InitializeSensors":{"count":1,"self":0.0010008999999999999,"total":0.0010008999999999999,"children":null},"AgentSendState":{"count":3159,"self":0.0188225,"total":0.034251699999999996,"children":{"CollectObservations":{"count":632,"self":0.0087504,"total":0.0087504,"children":null},"WriteActionMask":{"count":632,"self":0.0011198999999999998,"total":0.0011198999999999998,"children":null},"RequestDecision":{"count":632,"self":0.0055588999999999994,"total":0.0055588999999999994,"children":null}}},"DecideAction":{"count":3159,"self":0.0313924,"total":0.0313924,"children":null},"AgentAct":{"count":3159,"self":0.0539291,"total":0.0539291,"children":null}},"gauges":{"My Behavior.CumulativeReward":{"count":30,"max":2,"min":-2,"runningAverage":-0.13333334,"value":0,"weightedAverage":0.251841754}},"metadata":{"timer_format_version":"0.1.0","start_time_seconds":"1729875627","unity_version":"2023.2.13f1","command_line_arguments":"D:\\libs\\Unity Hub\\Editor\\2023.2.13f1\\Editor\\Unity.exe -createproject D:\\projects\\rl-in-games\\Week 3\\ML-agents-sample -cloneFromTemplate D:\\libs\\Unity Hub\\Editor\\2023.2.13f1\\Editor\\Data\\Resources\\PackageManager\\ProjectTemplates\\com.unity.template.3d-8.1.4.tgz -cloudOrganization 18968092824585 -cloudProject 1a02e167-8125-4d27-864a-701f1135e2f2 -cloudEnvironment production -useHub -hubIPC","communication_protocol_version":"1.5.0","com.unity.ml-agents_version":"3.0.0","scene_name":"MlSampleScene","end_time_seconds":"1729875696"}}